{
"lengthUnit": "mil",
"components": {
	"fields": ["COMPONENT_NO", "COMPONENT_NAME", "LAYER", "X_COORDINATE", "Y_COORDINATE", "ANGLE"],
	"rows": [
		[1, "C1", "T", 515, -2145, 0],
		[2, "C2", "T", 685, -2145, 180],
		[3, "CCOMP_B1", "T", 1075, -3895, 270],
		[4, "CCOMP_B2", "T", 1075, -180, 90],
		[5, "CCS_B1", "T", 760, -3500, 0],
		[6, "CCS_B2", "T", 670, -540, 0],
		[7, "CDSP2", "T", 335, -495, 90],
		[8, "CF1", "T", 815, -3030, 270],
		[9, "CF2", "T", 210, -2860, 0],
		[10, "CF3", "T", 560, -3160, 0],
		[11, "CF4", "T", 75, -715, 90],
		[12, "CFPWM1", "T", 80, -1195, 180],
		[13, "CI4", "T", 295, -1190, 180],
		[14, "CIN_B1", "T", 2385, -2000, 90],
		[15, "CIN_B2", "T", 2125, -2000, 90],
		[16, "CIN_B3", "T", 715, -3820, 90],
		[17, "CIN_B4", "T", 685, -155, 90],
		[18, "CIN_B5", "T", 1875, -2000, 90],
		[19, "CIN_B6", "T", 1630, -2000, 90],
		[20, "CN1", "T", 560, -3035, 0],
		[21, "CN2", "T", 210, -2735, 0],
		[22, "CNIN1", "T", 100, -2000, 270],
		[23, "CNOUT_B2", "T", 3720, -3260, 270],
		[24, "CNOUT_B3", "T", 3720, -740, 90],
		[25, "COUT_B1", "T", 2370, -3640, 270],
		[26, "COUT_B2", "T", 2785, -3635, 270],
		[27, "COUT_B3", "T", 3105, -3630, 90],
		[28, "COUT_B4", "T", 3235, -3630, 90],
		[29, "COUT_B5", "T", 2370, -365, 90],
		[30, "COUT_B6", "T", 3105, -370, 270],
		[31, "COUT_B7", "T", 3235, -370, 270],
		[32, "COUT_B8", "T", 2785, -365, 90],
		[33, "COVP_B3", "T", 2360, -3900, 180],
		[34, "COVP_B4", "T", 2340, -45, 180],
		[35, "CPI2", "T", 475, -1560, 0],
		[36, "CSENSE1", "T", 625, -960, 90],
		[37, "CSENSE2", "T", 545, -985, 180],
		[38, "D1", "T", 260, -315, 270],
		[39, "DCDC1", "T", 600, -2280, 0],
		[40, "DCS_B1", "T", 965, -3375, 270],
		[41, "DCS_B2", "T", 875, -3375, 90],
		[42, "DCS_B3", "T", 810, -670, 270],
		[43, "DCS_B4", "T", 720, -670, 90],
		[44, "DGATE_B1", "T", 945, -3620, 90],
		[45, "DGATE_B2", "T", 930, -405, 270],
		[46, "DPWM1", "T", 200, -870, 90],
		[47, "DS_B1", "T", 3165, -3280, 90],
		[48, "DS_B2", "T", 3165, -720, 270],
		[49, "DSP", "B", 430, -595, 270],
		[50, "F1", "T", 920, -2000, 0],
		[51, "FAN1", "T", 610, -2715, 0],
		[52, "H3", "T", 115, -415, 270],
		[53, "HSDRV_B2", "T", 1660, -3155, 270],
		[54, "HSDRV_B3", "T", 1660, -840, 90],
		[55, "L_B1", "T", 3630, -2520, 180],
		[56, "L_B2", "T", 2905, -2520, 180],
		[57, "L_B3", "T", 2940, -3200, 0],
		[58, "L_B4", "T", 3630, -1480, 180],
		[59, "L_B5", "T", 2905, -1480, 180],
		[60, "L_B6", "T", 2940, -800, 0],
		[61, "Q_B1", "T", 1800, -3155, 90],
		[62, "Q_B2", "T", 1800, -845, 90],
		[63, "R1", "T", 250, -485, 270],
		[64, "RCS_B1", "T", 2330, -3135, 180],
		[65, "RCS_B2", "T", 2330, -2970, 180],
		[66, "RCS_B3", "T", 2330, -830, 180],
		[67, "RCS_B4", "T", 2330, -665, 180],
		[68, "RCSP_B1", "T", 755, -3375, 90],
		[69, "RCSP_B2", "T", 635, -660, 270],
		[70, "RFB_B1", "T", 3485, -3865, 0],
		[71, "RFB_B2", "T", 3485, -3700, 0],
		[72, "RFB_B3", "T", 3485, -300, 0],
		[73, "RFB_B4", "T", 3485, -135, 0],
		[74, "RFPWM1", "T", 65, -1135, 180],
		[75, "RGATE_B1", "T", 1020, -3655, 270],
		[76, "RGATE_B2", "T", 1015, -405, 90],
		[77, "RGATEPD_B1", "T", 1020, -3570, 270],
		[78, "RGATEPD_B2", "T", 1015, -500, 90],
		[79, "ROVP_B1", "T", 2230, -3925, 90],
		[80, "ROVP_B2", "T", 2280, -3925, 90],
		[81, "ROVP_B3", "T", 2260, -65, 90],
		[82, "ROVP_B4", "T", 2210, -65, 270],
		[83, "RPWM1", "T", 45, -1275, 90],
		[84, "RRST1", "T", 210, -1020, 270],
		[85, "RRST2", "T", 275, -1000, 0],
		[86, "RS1", "T", 345, -715, 0],
		[87, "RS2", "T", 345, -675, 0],
		[88, "RSENSE1", "T", 545, -935, 180],
		[89, "RSWA", "T", 420, -110, 180],
		[90, "RSWB", "T", 420, -150, 180],
		[91, "RSWC", "T", 420, -190, 180],
		[92, "RSWD", "T", 420, -230, 180],
		[93, "RT1", "T", 680, -1385, 90],
		[94, "RT2", "T", 675, -1095, 90],
		[95, "SW1", "B", 974.52, -1524.52, 90],
		[96, "SW2", "B", 974.52, -999.52, 90],
		[97, "SW3", "B", 609.52, -1524.52, 90],
		[98, "SW4", "B", 609.52, -999.52, 90],
		[99, "SWRST1", "B", 210, -1270, 90],
		[100, "T1", "T", 810, -1385, 270],
		[101, "T2", "T", 810, -1040, 270],
		[102, "U3", "T", 410, -935, 0],
		[103, "U5", "T", 185, -705, 270],
		[104, "U6", "T", 485, -1300, 270],
		[105, "UCTRL_B1", "T", 895, -3845, 270],
		[106, "UCTRL_B2", "T", 895, -175, 270],
		[107, "PAD1", "T", 90, -90, 0],
		[108, "PAD1", "B", 90, -90, 0],
		[109, "PAD2", "T", 90, -3910, 0],
		[110, "PAD2", "B", 90, -3910, 0],
		[111, "PAD3", "T", 3910, -3910, 0],
		[112, "PAD3", "B", 3910, -3910, 0],
		[113, "PAD4", "T", 3910, -90, 0],
		[114, "PAD4", "B", 3910, -90, 0]
	]
},
"pins": {
	"fields": ["PIN_NO", "PIN_NAME", "PIN_X", "PIN_Y", "LAYER", "PIN_TYPE", "NET_NAME", "NET_TYPE", "PAD_SHAPE", "PAD_SIZEX", "PAD_SIZEY", "HOLE_SIZE", "PAD_ANGLE"],
	"rows": [
		[1, "C1_1", 474.45, -2145, "T", "SMD", "VCC", "", "R", 55.51, 53.15, 0, 0],
		[2, "C1_2", 555.55, -2145, "T", "SMD", "AGND", "", "R", 55.51, 53.15, 0, 0],
		[3, "C2_1", 725.55, -2145, "T", "SMD", "+12V", "", "R", 55.51, 53.15, 0, 180],
		[4, "C2_2", 644.45, -2145, "T", "SMD", "AGND", "", "R", 55.51, 53.15, 0, 180],
		[5, "CCOMP_B1_1", 1075, -3873.54, "T", "SMD", "$1N8707", "", "R", 31.11, 21.26, 0, 270],
		[6, "CCOMP_B1_2", 1075, -3916.46, "T", "SMD", "AGND", "", "R", 31.11, 21.26, 0, 270],
		[7, "CCOMP_B2_1", 1075, -201.46, "T", "SMD", "$1N34643", "", "R", 31.11, 21.26, 0, 90],
		[8, "CCOMP_B2_2", 1075, -158.54, "T", "SMD", "AGND", "", "R", 31.11, 21.26, 0, 90],
		[9, "CCS_B1_1", 738.54, -3500, "T", "SMD", "$1N8790", "", "R", 31.11, 21.26, 0, 0],
		[10, "CCS_B1_2", 781.46, -3500, "T", "SMD", "AGND", "", "R", 31.11, 21.26, 0, 0],
		[11, "CCS_B2_1", 648.54, -540, "T", "SMD", "$1N34651", "", "R", 31.11, 21.26, 0, 0],
		[12, "CCS_B2_2", 691.46, -540, "T", "SMD", "AGND", "", "R", 31.11, 21.26, 0, 0],
		[13, "CDSP2_1", 335, -435.95, "T", "SMD", "+5V", "", "R", 55.12, 55.12, 0, 90],
		[14, "CDSP2_2", 335, -554.06, "T", "SMD", "AGND", "", "R", 55.12, 55.12, 0, 90],
		[15, "CF1_1", 815, -2970.9, "T", "SMD", "+12V", "", "R", 70.87, 102.36, 0, 270],
		[16, "CF1_2", 815, -3089.1, "T", "SMD", "AGND", "", "R", 70.87, 102.36, 0, 270],
		[17, "CF2_1", 193.3, -2860, "T", "SMD", "+12V", "", "R", 23.62, 25.59, 0, 0],
		[18, "CF2_2", 226.7, -2860, "T", "SMD", "AGND", "", "R", 23.62, 25.59, 0, 0],
		[19, "CF3_1", 543.3, -3160, "T", "SMD", "+12V", "", "R", 23.62, 25.59, 0, 0],
		[20, "CF3_2", 576.7, -3160, "T", "SMD", "AGND", "", "R", 23.62, 25.59, 0, 0],
		[21, "CF4_1", 75, -731.7, "T", "SMD", "+5V", "", "R", 23.62, 25.59, 0, 90],
		[22, "CF4_2", 75, -698.3, "T", "SMD", "AGND", "", "R", 23.62, 25.59, 0, 90],
		[23, "CFPWM1_1", 107.56, -1195, "T", "SMD", "AGND", "", "R", 31.5, 35.43, 0, 180],
		[24, "CFPWM1_2", 52.44, -1195, "T", "SMD", "PWM_LED", "", "R", 31.5, 35.43, 0, 180],
		[25, "CI4_1", 348.15, -1190, "T", "SMD", "+5V", "", "R", 47.24, 55.12, 0, 180],
		[26, "CI4_2", 241.85, -1190, "T", "SMD", "AGND", "", "R", 47.24, 55.12, 0, 180],
		[27, "CIN_B1_1", 2385, -2098.43, "T", "DIP", "VCCF", "", "C", 62.99, 62.99, 39.37, 90],
		[28, "CIN_B1_1", 2385, -2098.43, "B", "DIP", "VCCF", "", "C", 62.99, 62.99, 39.37, 90],
		[29, "CIN_B1_2", 2385, -1901.58, "T", "DIP", "AGND", "", "C", 62.99, 62.99, 39.37, 90],
		[30, "CIN_B1_2", 2385, -1901.58, "B", "DIP", "AGND", "", "C", 62.99, 62.99, 39.37, 90],
		[31, "CIN_B2_1", 2125, -2040.55, "T", "SMD", "VCCF", "", "R", 55.51, 53.15, 0, 90],
		[32, "CIN_B2_2", 2125, -1959.45, "T", "SMD", "AGND", "", "R", 55.51, 53.15, 0, 90],
		[33, "CIN_B3_1", 715, -3841.46, "T", "SMD", "AGND", "", "R", 31.11, 21.26, 0, 90],
		[34, "CIN_B3_2", 715, -3798.54, "T", "SMD", "VCCF", "", "R", 31.11, 21.26, 0, 90],
		[35, "CIN_B4_1", 685, -176.46, "T", "SMD", "AGND", "", "R", 31.11, 21.26, 0, 90],
		[36, "CIN_B4_2", 685, -133.54, "T", "SMD", "VCCF", "", "R", 31.11, 21.26, 0, 90],
		[37, "CIN_B5_1", 1875, -2098.43, "T", "DIP", "VCCF", "", "C", 62.99, 62.99, 39.37, 90],
		[38, "CIN_B5_1", 1875, -2098.43, "B", "DIP", "VCCF", "", "C", 62.99, 62.99, 39.37, 90],
		[39, "CIN_B5_2", 1875, -1901.58, "T", "DIP", "AGND", "", "C", 62.99, 62.99, 39.37, 90],
		[40, "CIN_B5_2", 1875, -1901.58, "B", "DIP", "AGND", "", "C", 62.99, 62.99, 39.37, 90],
		[41, "CIN_B6_1", 1630, -2040.55, "T", "SMD", "VCCF", "", "R", 55.51, 53.15, 0, 90],
		[42, "CIN_B6_2", 1630, -1959.45, "T", "SMD", "AGND", "", "R", 55.51, 53.15, 0, 90],
		[43, "CN1_1", 510.78, -3035, "T", "DIP", "+12V", "", "R", 60, 60, 41.34, 0],
		[44, "CN1_1", 510.78, -3035, "B", "DIP", "+12V", "", "R", 60, 60, 41.34, 0],
		[45, "CN1_2", 609.22, -3035, "T", "DIP", "AGND", "", "R", 60, 60, 41.34, 0],
		[46, "CN1_2", 609.22, -3035, "B", "DIP", "AGND", "", "R", 60, 60, 41.34, 0],
		[47, "CN2_1", 160.78, -2735, "T", "DIP", "+12V", "", "R", 60, 60, 41.34, 0],
		[48, "CN2_1", 160.78, -2735, "B", "DIP", "+12V", "", "R", 60, 60, 41.34, 0],
		[49, "CN2_2", 259.22, -2735, "T", "DIP", "AGND", "", "R", 60, 60, 41.34, 0],
		[50, "CN2_2", 259.22, -2735, "B", "DIP", "AGND", "", "R", 60, 60, 41.34, 0],
		[51, "CNIN1_1", 100, -1700, "T", "DIP", "AGND", "", "R", 102.36, 102.36, 62.99, 270],
		[52, "CNIN1_1", 100, -1700, "B", "DIP", "AGND", "", "R", 102.36, 102.36, 62.99, 270],
		[53, "CNIN1_2", 100, -2000, "T", "DIP", "PWM_LED", "", "C", 102.36, 102.36, 62.99, 270],
		[54, "CNIN1_2", 100, -2000, "B", "DIP", "PWM_LED", "", "C", 102.36, 102.36, 62.99, 270],
		[55, "CNIN1_3", 100, -2300, "T", "DIP", "VCC", "", "C", 102.36, 102.36, 62.99, 270],
		[56, "CNIN1_3", 100, -2300, "B", "DIP", "VCC", "", "C", 102.36, 102.36, 62.99, 270],
		[57, "CNOUT_B2_1", 3720, -3109.9, "T", "DIP", "V+LED_B_1", "", "C", 100, 100, 60, 90],
		[58, "CNOUT_B2_1", 3720, -3109.9, "B", "DIP", "V+LED_B_1", "", "C", 100, 100, 60, 90],
		[59, "CNOUT_B2_2", 3720, -3410.1, "T", "DIP", "V-LED_B_1", "", "C", 100, 100, 60, 90],
		[60, "CNOUT_B2_2", 3720, -3410.1, "B", "DIP", "V-LED_B_1", "", "C", 100, 100, 60, 90],
		[61, "CNOUT_B3_1", 3720, -890.1, "T", "DIP", "V+LED_B_2", "", "C", 100, 100, 60, 270],
		[62, "CNOUT_B3_1", 3720, -890.1, "B", "DIP", "V+LED_B_2", "", "C", 100, 100, 60, 270],
		[63, "CNOUT_B3_2", 3720, -589.9, "T", "DIP", "V-LED_B_2", "", "C", 100, 100, 60, 270],
		[64, "CNOUT_B3_2", 3720, -589.9, "B", "DIP", "V-LED_B_2", "", "C", 100, 100, 60, 270],
		[65, "COUT_B1_1", 2370, -3540, "T", "DIP", "V+LED_B_1", "", "C", 62.99, 62.99, 39.37, 270],
		[66, "COUT_B1_1", 2370, -3540, "B", "DIP", "V+LED_B_1", "", "C", 62.99, 62.99, 39.37, 270],
		[67, "COUT_B1_2", 2370, -3740, "T", "DIP", "AGND", "", "C", 62.99, 62.99, 39.37, 270],
		[68, "COUT_B1_2", 2370, -3740, "B", "DIP", "AGND", "", "C", 62.99, 62.99, 39.37, 270],
		[69, "COUT_B2_1", 2785, -3536.58, "T", "DIP", "V+LED_B_1", "", "C", 62.99, 62.99, 39.37, 270],
		[70, "COUT_B2_1", 2785, -3536.58, "B", "DIP", "V+LED_B_1", "", "C", 62.99, 62.99, 39.37, 270],
		[71, "COUT_B2_2", 2785, -3733.42, "T", "DIP", "AGND", "", "C", 62.99, 62.99, 39.37, 270],
		[72, "COUT_B2_2", 2785, -3733.42, "B", "DIP", "AGND", "", "C", 62.99, 62.99, 39.37, 270],
		[73, "COUT_B3_1", 3105, -3689.74, "T", "SMD", "AGND", "", "R", 64.37, 106.3, 0, 90],
		[74, "COUT_B3_2", 3105, -3570.26, "T", "SMD", "V+LED_B_1", "", "R", 64.37, 106.3, 0, 90],
		[75, "COUT_B4_1", 3235, -3689.74, "T", "SMD", "AGND", "", "R", 64.37, 106.3, 0, 90],
		[76, "COUT_B4_2", 3235, -3570.26, "T", "SMD", "V+LED_B_1", "", "R", 64.37, 106.3, 0, 90],
		[77, "COUT_B5_1", 2370, -465, "T", "DIP", "V+LED_B_2", "", "C", 62.99, 62.99, 39.37, 90],
		[78, "COUT_B5_1", 2370, -465, "B", "DIP", "V+LED_B_2", "", "C", 62.99, 62.99, 39.37, 90],
		[79, "COUT_B5_2", 2370, -265, "T", "DIP", "AGND", "", "C", 62.99, 62.99, 39.37, 90],
		[80, "COUT_B5_2", 2370, -265, "B", "DIP", "AGND", "", "C", 62.99, 62.99, 39.37, 90],
		[81, "COUT_B6_1", 3105, -310.26, "T", "SMD", "AGND", "", "R", 64.37, 106.3, 0, 270],
		[82, "COUT_B6_2", 3105, -429.74, "T", "SMD", "V+LED_B_2", "", "R", 64.37, 106.3, 0, 270],
		[83, "COUT_B7_1", 3235, -310.26, "T", "SMD", "AGND", "", "R", 64.37, 106.3, 0, 270],
		[84, "COUT_B7_2", 3235, -429.74, "T", "SMD", "V+LED_B_2", "", "R", 64.37, 106.3, 0, 270],
		[85, "COUT_B8_1", 2785, -463.43, "T", "DIP", "V+LED_B_2", "", "C", 62.99, 62.99, 39.37, 90],
		[86, "COUT_B8_1", 2785, -463.43, "B", "DIP", "V+LED_B_2", "", "C", 62.99, 62.99, 39.37, 90],
		[87, "COUT_B8_2", 2785, -266.57, "T", "DIP", "AGND", "", "C", 62.99, 62.99, 39.37, 90],
		[88, "COUT_B8_2", 2785, -266.57, "B", "DIP", "AGND", "", "C", 62.99, 62.99, 39.37, 90],
		[89, "COVP_B3_1", 2381.46, -3900, "T", "SMD", "AGND", "", "R", 31.11, 21.26, 0, 180],
		[90, "COVP_B3_2", 2338.54, -3900, "T", "SMD", "$1N8797", "", "R", 31.11, 21.26, 0, 180],
		[91, "COVP_B4_1", 2361.46, -45, "T", "SMD", "AGND", "", "R", 31.11, 21.26, 0, 180],
		[92, "COVP_B4_2", 2318.54, -45, "T", "SMD", "$1N34652", "", "R", 31.11, 21.26, 0, 180],
		[93, "CPI2_1", 594, -1560, "T", "SMD", "VCC", "", "R", 95.5, 98.42, 0, 180],
		[94, "CPI2_2", 356, -1560, "T", "SMD", "AGND", "", "R", 95.5, 98.42, 0, 180],
		[95, "CSENSE1_1", 625, -981.46, "T", "SMD", "AGND", "", "R", 31.11, 21.26, 0, 90],
		[96, "CSENSE1_2", 625, -938.54, "T", "SMD", "+5V", "", "R", 31.11, 21.26, 0, 90],
		[97, "CSENSE2_1", 566.46, -985, "T", "SMD", "AGND", "", "R", 31.11, 21.26, 0, 180],
		[98, "CSENSE2_2", 523.54, -985, "T", "SMD", "VDD", "", "R", 31.11, 21.26, 0, 180],
		[99, "D1_1", 260, -246.69, "T", "SMD", "$1N25369", "", "R", 43.31, 39.37, 0, 270],
		[100, "D1_2", 260, -383.31, "T", "SMD", "$1N25378", "", "R", 43.31, 39.37, 0, 270],
		[101, "DCDC1_1", 500, -2280, "T", "DIP", "VCC", "", "C", 70.87, 70.87, 47.24, 0],
		[102, "DCDC1_1", 500, -2280, "B", "DIP", "VCC", "", "C", 70.87, 70.87, 47.24, 0],
		[103, "DCDC1_2", 600, -2280, "T", "DIP", "AGND", "", "C", 70.87, 70.87, 47.24, 0],
		[104, "DCDC1_2", 600, -2280, "B", "DIP", "AGND", "", "C", 70.87, 70.87, 47.24, 0],
		[105, "DCDC1_3", 700, -2280, "T", "DIP", "+12V", "", "C", 70.87, 70.87, 47.24, 0],
		[106, "DCDC1_3", 700, -2280, "B", "DIP", "+12V", "", "C", 70.87, 70.87, 47.24, 0],
		[107, "DCS_B1_1", 965, -3308.07, "T", "SMD", "$1N8739", "", "R", 51.18, 51.18, 0, 270],
		[108, "DCS_B1_2", 965, -3441.93, "T", "SMD", "AGND", "", "R", 51.18, 51.18, 0, 270],
		[109, "DCS_B2_1", 875, -3441.93, "T", "SMD", "AGND", "", "R", 51.18, 51.18, 0, 90],
		[110, "DCS_B2_2", 875, -3308.07, "T", "SMD", "$1N8739", "", "R", 51.18, 51.18, 0, 90],
		[111, "DCS_B3_1", 810, -603.07, "T", "SMD", "AGND", "", "R", 51.18, 51.18, 0, 270],
		[112, "DCS_B3_2", 810, -736.93, "T", "SMD", "$1N34653", "", "R", 51.18, 51.18, 0, 270],
		[113, "DCS_B4_1", 720, -736.93, "T", "SMD", "$1N34653", "", "R", 51.18, 51.18, 0, 90],
		[114, "DCS_B4_2", 720, -603.07, "T", "SMD", "AGND", "", "R", 51.18, 51.18, 0, 90],
		[115, "DGATE_B1_1", 945, -3686.93, "T", "SMD", "$1N8712", "", "R", 51.18, 51.18, 0, 90],
		[116, "DGATE_B1_2", 945, -3553.07, "T", "SMD", "$1N8772", "", "R", 51.18, 51.18, 0, 90],
		[117, "DGATE_B2_1", 930, -338.07, "T", "SMD", "$1N34645", "", "R", 51.18, 51.18, 0, 270],
		[118, "DGATE_B2_2", 930, -471.93, "T", "SMD", "$1N34649", "", "R", 51.18, 51.18, 0, 270],
		[119, "DPWM1_1", 200, -916.65, "T", "SMD", "PWM_LED", "", "R", 28.74, 15.16, 0, 270],
		[120, "DPWM1_2", 200, -823.35, "T", "SMD", "MC_PWM_LED", "", "R", 28.74, 15.16, 0, 270],
		[121, "DS_B1_1", 3201.22, -3200.61, "T", "SMD", "$1N8682", "", "R", 50.8, 56, 0, 90],
		[122, "DS_B1_2", 3165, -3359.39, "T", "SMD", "V+LED_B_1", "", "R", 149.61, 188.98, 0, 180],
		[123, "DS_B1_3", 3128.78, -3200.61, "T", "SMD", "$1N8682", "", "R", 50.8, 56, 0, 90],
		[124, "DS_B2_1", 3128.78, -799.39, "T", "SMD", "$1N34640", "", "R", 50.8, 56, 0, 270],
		[125, "DS_B2_2", 3165, -640.61, "T", "SMD", "V+LED_B_2", "", "R", 149.61, 188.98, 0, 0],
		[126, "DS_B2_3", 3201.22, -799.39, "T", "SMD", "$1N34640", "", "R", 50.8, 56, 0, 270],
		[127, "DSP_1", 430, -445, "T", "DIP", "+5V", "", "R", 66.93, 66.93, 43.31, 270],
		[128, "DSP_1", 430, -445, "B", "DIP", "+5V", "", "R", 66.93, 66.93, 43.31, 270],
		[129, "DSP_2", 430, -545, "T", "DIP", "AGND", "", "C", 66.93, 66.93, 43.31, 270],
		[130, "DSP_2", 430, -545, "B", "DIP", "AGND", "", "C", 66.93, 66.93, 43.31, 270],
		[131, "DSP_3", 430, -645, "T", "DIP", "SCL", "", "C", 66.93, 66.93, 43.31, 270],
		[132, "DSP_3", 430, -645, "B", "DIP", "SCL", "", "C", 66.93, 66.93, 43.31, 270],
		[133, "DSP_4", 430, -745, "T", "DIP", "SDA", "", "C", 66.93, 66.93, 43.31, 270],
		[134, "DSP_4", 430, -745, "B", "DIP", "SDA", "", "C", 66.93, 66.93, 43.31, 270],
		[135, "F1_1", 640.47, -2000, "T", "DIP", "VCC", "", "C", 137.79, 137.79, 106.3, 0],
		[136, "F1_1", 640.47, -2000, "B", "DIP", "VCC", "", "C", 137.79, 137.79, 106.3, 0],
		[137, "F1_2", 837.32, -2000, "T", "DIP", "VCC", "", "C", 137.79, 137.79, 106.3, 0],
		[138, "F1_2", 837.32, -2000, "B", "DIP", "VCC", "", "C", 137.79, 137.79, 106.3, 0],
		[139, "F1_3", 1002.67, -2000, "T", "DIP", "VCCF", "", "C", 137.79, 137.79, 106.3, 0],
		[140, "F1_3", 1002.67, -2000, "B", "DIP", "VCCF", "", "C", 137.79, 137.79, 106.3, 0],
		[141, "F1_4", 1199.52, -2000, "T", "DIP", "VCCF", "", "C", 137.79, 137.79, 106.3, 180],
		[142, "F1_4", 1199.52, -2000, "B", "DIP", "VCCF", "", "C", 137.79, 137.79, 106.3, 180],
		[143, "FAN1_1", 460, -2715, "T", "DIP", "+12V", "", "R", 70.87, 70.87, 44.88, 180],
		[144, "FAN1_1", 460, -2715, "B", "DIP", "+12V", "", "R", 70.87, 70.87, 44.88, 180],
		[145, "FAN1_2", 560, -2715, "T", "DIP", "AGND", "", "C", 70.87, 70.87, 44.88, 180],
		[146, "FAN1_2", 560, -2715, "B", "DIP", "AGND", "", "C", 70.87, 70.87, 44.88, 180],
		[147, "FAN1_3", 660, -2715, "T", "DIP", "RPM_FAN", "", "C", 70.87, 70.87, 44.88, 180],
		[148, "FAN1_3", 660, -2715, "B", "DIP", "RPM_FAN", "", "C", 70.87, 70.87, 44.88, 180],
		[149, "FAN1_4", 760, -2715, "T", "DIP", "PWM_FAN", "", "C", 70.87, 70.87, 44.88, 180],
		[150, "FAN1_4", 760, -2715, "B", "DIP", "PWM_FAN", "", "C", 70.87, 70.87, 44.88, 180],
		[151, "H3_1", 65, -315, "T", "DIP", "AGND", "", "R", 70.87, 70.87, 41.34, 270],
		[152, "H3_1", 65, -315, "B", "DIP", "AGND", "", "R", 70.87, 70.87, 41.34, 270],
		[153, "H3_2", 165, -315, "T", "DIP", "$1N25378", "", "C", 70.87, 70.87, 41.34, 270],
		[154, "H3_2", 165, -315, "B", "DIP", "$1N25378", "", "C", 70.87, 70.87, 41.34, 270],
		[155, "H3_3", 65, -415, "T", "DIP", "$1N25369", "", "C", 70.87, 70.87, 41.34, 270],
		[156, "H3_3", 65, -415, "B", "DIP", "$1N25369", "", "C", 70.87, 70.87, 41.34, 270],
		[157, "H3_4", 165, -415, "T", "DIP", "TX", "", "C", 70.87, 70.87, 41.34, 270],
		[158, "H3_4", 165, -415, "B", "DIP", "TX", "", "C", 70.87, 70.87, 41.34, 270],
		[159, "H3_5", 65, -515, "T", "DIP", "+5V", "", "C", 70.87, 70.87, 41.34, 270],
		[160, "H3_5", 65, -515, "B", "DIP", "+5V", "", "C", 70.87, 70.87, 41.34, 270],
		[161, "H3_6", 165, -515, "T", "DIP", "RX", "", "C", 70.87, 70.87, 41.34, 270],
		[162, "H3_6", 165, -515, "B", "DIP", "RX", "", "C", 70.87, 70.87, 41.34, 270],
		[163, "HSDRV_B2_1", 1660, -2653.05, "T", "DIP", "VL_B_1", "", "C", 135.83, 135.83, 90.55, 270],
		[164, "HSDRV_B2_1", 1660, -2653.05, "B", "DIP", "VL_B_1", "", "C", 135.83, 135.83, 90.55, 270],
		[165, "HSDRV_B2_2", 1660, -3656.95, "T", "DIP", "VL_B_1", "", "C", 135.83, 135.83, 90.55, 270],
		[166, "HSDRV_B2_2", 1660, -3656.95, "B", "DIP", "VL_B_1", "", "C", 135.83, 135.83, 90.55, 270],
		[167, "HSDRV_B3_1", 1660, -1341.95, "T", "DIP", "VL_B_2", "", "C", 135.83, 135.83, 90.55, 90],
		[168, "HSDRV_B3_1", 1660, -1341.95, "B", "DIP", "VL_B_2", "", "C", 135.83, 135.83, 90.55, 90],
		[169, "HSDRV_B3_2", 1660, -338.05, "T", "DIP", "VL_B_2", "", "C", 135.83, 135.83, 90.55, 90],
		[170, "HSDRV_B3_2", 1660, -338.05, "B", "DIP", "VL_B_2", "", "C", 135.83, 135.83, 90.55, 90],
		[171, "L_B1_1", 3885.91, -2520, "T", "DIP", "VCCF", "", "C", 61.02, 61.02, 35.43, 180],
		[172, "L_B1_1", 3885.91, -2520, "B", "DIP", "VCCF", "", "C", 61.02, 61.02, 35.43, 180],
		[173, "L_B1_2", 3374.09, -2520, "T", "DIP", "$1N8688", "", "C", 61.02, 61.02, 35.43, 180],
		[174, "L_B1_2", 3374.09, -2520, "B", "DIP", "$1N8688", "", "C", 61.02, 61.02, 35.43, 180],
		[175, "L_B2_1", 3160.91, -2520, "T", "DIP", "$1N8688", "", "C", 61.02, 61.02, 35.43, 180],
		[176, "L_B2_1", 3160.91, -2520, "B", "DIP", "$1N8688", "", "C", 61.02, 61.02, 35.43, 180],
		[177, "L_B2_2", 2649.09, -2520, "T", "DIP", "VL_B_1", "", "C", 61.02, 61.02, 35.43, 180],
		[178, "L_B2_2", 2649.09, -2520, "B", "DIP", "VL_B_1", "", "C", 61.02, 61.02, 35.43, 180],
		[179, "L_B3_1", 2877.3, -3200, "T", "SMD", "VL_B_1", "", "R", 58.47, 68.03, 0, 0],
		[180, "L_B3_2", 3002.7, -3200, "T", "SMD", "$1N8682", "", "R", 58.47, 68.03, 0, 0],
		[181, "L_B4_1", 3885.91, -1480, "T", "DIP", "VCCF", "", "C", 61.02, 61.02, 35.43, 180],
		[182, "L_B4_1", 3885.91, -1480, "B", "DIP", "VCCF", "", "C", 61.02, 61.02, 35.43, 180],
		[183, "L_B4_2", 3374.09, -1480, "T", "DIP", "$1N34641", "", "C", 61.02, 61.02, 35.43, 180],
		[184, "L_B4_2", 3374.09, -1480, "B", "DIP", "$1N34641", "", "C", 61.02, 61.02, 35.43, 180],
		[185, "L_B5_1", 3160.91, -1480, "T", "DIP", "$1N34641", "", "C", 61.02, 61.02, 35.43, 180],
		[186, "L_B5_1", 3160.91, -1480, "B", "DIP", "$1N34641", "", "C", 61.02, 61.02, 35.43, 180],
		[187, "L_B5_2", 2649.09, -1480, "T", "DIP", "VL_B_2", "", "C", 61.02, 61.02, 35.43, 180],
		[188, "L_B5_2", 2649.09, -1480, "B", "DIP", "VL_B_2", "", "C", 61.02, 61.02, 35.43, 180],
		[189, "L_B6_1", 2877.3, -800, "T", "SMD", "VL_B_2", "", "R", 58.47, 68.03, 0, 0],
		[190, "L_B6_2", 3002.7, -800, "T", "SMD", "$1N34640", "", "R", 58.47, 68.03, 0, 0],
		[191, "Q_B1_1", 1800, -3255, "T", "DIP", "$1N8772", "", "R", 78.74, 98.42, 55.12, 90],
		[192, "Q_B1_1", 1800, -3255, "B", "DIP", "$1N8772", "", "R", 78.74, 98.42, 55.12, 90],
		[193, "Q_B1_2", 1800, -3155, "T", "DIP", "VL_B_1", "", "O", 78.74, 98.42, 55.12, 90],
		[194, "Q_B1_2", 1800, -3155, "B", "DIP", "VL_B_1", "", "O", 78.74, 98.42, 55.12, 90],
		[195, "Q_B1_3", 1800, -3055, "T", "DIP", "$1N8739", "", "O", 78.74, 98.42, 55.12, 90],
		[196, "Q_B1_3", 1800, -3055, "B", "DIP", "$1N8739", "", "O", 78.74, 98.42, 55.12, 90],
		[197, "Q_B2_1", 1800, -945, "T", "DIP", "$1N34649", "", "R", 78.74, 98.42, 55.12, 90],
		[198, "Q_B2_1", 1800, -945, "B", "DIP", "$1N34649", "", "R", 78.74, 98.42, 55.12, 90],
		[199, "Q_B2_2", 1800, -845, "T", "DIP", "VL_B_2", "", "O", 78.74, 98.42, 55.12, 90],
		[200, "Q_B2_2", 1800, -845, "B", "DIP", "VL_B_2", "", "O", 78.74, 98.42, 55.12, 90],
		[201, "Q_B2_3", 1800, -745, "T", "DIP", "$1N34653", "", "O", 78.74, 98.42, 55.12, 90],
		[202, "Q_B2_3", 1800, -745, "B", "DIP", "$1N34653", "", "O", 78.74, 98.42, 55.12, 90],
		[203, "R1_1", 250, -467.96, "T", "SMD", "$1N25378", "", "R", 22.27, 21.26, 0, 270],
		[204, "R1_2", 250, -502.04, "T", "SMD", "UDPI", "", "R", 22.27, 21.26, 0, 270],
		[205, "RCS_B1_1", 2450.72, -3135, "T", "SMD", "AGND", "", "R", 50.49, 136.06, 0, 180],
		[206, "RCS_B1_2", 2209.28, -3135, "T", "SMD", "$1N8739", "", "R", 50.49, 136.06, 0, 180],
		[207, "RCS_B2_1", 2450.72, -2970, "T", "SMD", "AGND", "", "R", 50.49, 136.06, 0, 180],
		[208, "RCS_B2_2", 2209.28, -2970, "T", "SMD", "$1N8739", "", "R", 50.49, 136.06, 0, 180],
		[209, "RCS_B3_1", 2450.72, -830, "T", "SMD", "AGND", "", "R", 50.49, 136.06, 0, 180],
		[210, "RCS_B3_2", 2209.28, -830, "T", "SMD", "$1N34653", "", "R", 50.49, 136.06, 0, 180],
		[211, "RCS_B4_1", 2450.72, -665, "T", "SMD", "AGND", "", "R", 50.49, 136.06, 0, 180],
		[212, "RCS_B4_2", 2209.28, -665, "T", "SMD", "$1N34653", "", "R", 50.49, 136.06, 0, 180],
		[213, "RCSP_B1_1", 755, -3392.04, "T", "SMD", "$1N8790", "", "R", 22.27, 21.26, 0, 90],
		[214, "RCSP_B1_2", 755, -3357.96, "T", "SMD", "$1N8739", "", "R", 22.27, 21.26, 0, 90],
		[215, "RCSP_B2_1", 635, -642.96, "T", "SMD", "$1N34651", "", "R", 22.27, 21.26, 0, 270],
		[216, "RCSP_B2_2", 635, -677.04, "T", "SMD", "$1N34653", "", "R", 22.27, 21.26, 0, 270],
		[217, "RFB_B1_1", 3364.28, -3865, "T", "SMD", "AGND", "", "R", 78.74, 129.92, 0, 0],
		[218, "RFB_B1_2", 3605.72, -3865, "T", "SMD", "V-LED_B_1", "", "R", 78.74, 129.92, 0, 0],
		[219, "RFB_B2_1", 3364.28, -3700, "T", "SMD", "AGND", "", "R", 78.74, 129.92, 0, 0],
		[220, "RFB_B2_2", 3605.72, -3700, "T", "SMD", "V-LED_B_1", "", "R", 78.74, 129.92, 0, 0],
		[221, "RFB_B3_1", 3364.28, -300, "T", "SMD", "AGND", "", "R", 78.74, 129.92, 0, 0],
		[222, "RFB_B3_2", 3605.72, -300, "T", "SMD", "V-LED_B_2", "", "R", 78.74, 129.92, 0, 0],
		[223, "RFB_B4_1", 3364.28, -135, "T", "SMD", "AGND", "", "R", 78.74, 129.92, 0, 0],
		[224, "RFB_B4_2", 3605.72, -135, "T", "SMD", "V-LED_B_2", "", "R", 78.74, 129.92, 0, 0],
		[225, "RFPWM1_1", 82.04, -1135, "T", "SMD", "AGND", "", "R", 22.27, 21.26, 0, 180],
		[226, "RFPWM1_2", 47.96, -1135, "T", "SMD", "PWM_LED", "", "R", 22.27, 21.26, 0, 180],
		[227, "RGATE_B1_1", 1020, -3637.96, "T", "SMD", "$1N8772", "", "R", 22.27, 21.26, 0, 270],
		[228, "RGATE_B1_2", 1020, -3672.04, "T", "SMD", "$1N8712", "", "R", 22.27, 21.26, 0, 270],
		[229, "RGATE_B2_1", 1015, -422.04, "T", "SMD", "$1N34649", "", "R", 22.27, 21.26, 0, 90],
		[230, "RGATE_B2_2", 1015, -387.96, "T", "SMD", "$1N34645", "", "R", 22.27, 21.26, 0, 90],
		[231, "RGATEPD_B1_1", 1020, -3552.96, "T", "SMD", "AGND", "", "R", 22.27, 21.26, 0, 270],
		[232, "RGATEPD_B1_2", 1020, -3587.04, "T", "SMD", "$1N8772", "", "R", 22.27, 21.26, 0, 270],
		[233, "RGATEPD_B2_1", 1015, -517.04, "T", "SMD", "AGND", "", "R", 22.27, 21.26, 0, 90],
		[234, "RGATEPD_B2_2", 1015, -482.96, "T", "SMD", "$1N34649", "", "R", 22.27, 21.26, 0, 90],
		[235, "ROVP_B1_1", 2230, -3942.04, "T", "SMD", "$1N8797", "", "R", 22.27, 21.26, 0, 90],
		[236, "ROVP_B1_2", 2230, -3907.96, "T", "SMD", "V+LED_B_1", "", "R", 22.27, 21.26, 0, 90],
		[237, "ROVP_B2_1", 2280, -3942.04, "T", "SMD", "AGND", "", "R", 22.27, 21.26, 0, 90],
		[238, "ROVP_B2_2", 2280, -3907.96, "T", "SMD", "$1N8797", "", "R", 22.27, 21.26, 0, 90],
		[239, "ROVP_B3_1", 2260, -82.04, "T", "SMD", "AGND", "", "R", 22.27, 21.26, 0, 90],
		[240, "ROVP_B3_2", 2260, -47.96, "T", "SMD", "$1N34652", "", "R", 22.27, 21.26, 0, 90],
		[241, "ROVP_B4_1", 2210, -47.96, "T", "SMD", "$1N34652", "", "R", 22.27, 21.26, 0, 270],
		[242, "ROVP_B4_2", 2210, -82.04, "T", "SMD", "V+LED_B_2", "", "R", 22.27, 21.26, 0, 270],
		[243, "RPWM1_1", 45, -1292.04, "T", "SMD", "PWM_LED_O", "", "R", 22.27, 21.26, 0, 90],
		[244, "RPWM1_2", 45, -1257.96, "T", "SMD", "PWM_LED", "", "R", 22.27, 21.26, 0, 90],
		[245, "RRST1_1", 210, -1002.96, "T", "SMD", "UDPI", "", "R", 22.27, 21.26, 0, 270],
		[246, "RRST1_2", 210, -1037.04, "T", "SMD", "$1N26156", "", "R", 22.27, 21.26, 0, 270],
		[247, "RRST2_1", 257.96, -1000, "T", "SMD", "UDPI", "", "R", 22.27, 21.26, 0, 0],
		[248, "RRST2_2", 292.04, -1000, "T", "SMD", "+5V", "", "R", 22.27, 21.26, 0, 0],
		[249, "RS1_1", 327.96, -715, "T", "SMD", "SDA", "", "R", 22.27, 21.26, 0, 0],
		[250, "RS1_2", 362.04, -715, "T", "SMD", "+5V", "", "R", 22.27, 21.26, 0, 0],
		[251, "RS2_1", 327.96, -675, "T", "SMD", "SCL", "", "R", 22.27, 21.26, 0, 0],
		[252, "RS2_2", 362.04, -675, "T", "SMD", "+5V", "", "R", 22.27, 21.26, 0, 0],
		[253, "RSENSE1_1", 562.04, -935, "T", "SMD", "+5V", "", "R", 22.27, 21.26, 0, 180],
		[254, "RSENSE1_2", 527.96, -935, "T", "SMD", "VDD", "", "R", 22.27, 21.26, 0, 180],
		[255, "RSWA_1", 437.04, -110, "T", "SMD", "SWA", "", "R", 22.27, 21.26, 0, 180],
		[256, "RSWA_2", 402.96, -110, "T", "SMD", "+5V", "", "R", 22.27, 21.26, 0, 180],
		[257, "RSWB_1", 437.04, -150, "T", "SMD", "SWB", "", "R", 22.27, 21.26, 0, 180],
		[258, "RSWB_2", 402.96, -150, "T", "SMD", "+5V", "", "R", 22.27, 21.26, 0, 180],
		[259, "RSWC_1", 437.04, -190, "T", "SMD", "SWC", "", "R", 22.27, 21.26, 0, 180],
		[260, "RSWC_2", 402.96, -190, "T", "SMD", "+5V", "", "R", 22.27, 21.26, 0, 180],
		[261, "RSWD_1", 437.04, -230, "T", "SMD", "SWD", "", "R", 22.27, 21.26, 0, 180],
		[262, "RSWD_2", 402.96, -230, "T", "SMD", "+5V", "", "R", 22.27, 21.26, 0, 180],
		[263, "RT1_1", 680, -1402.04, "T", "SMD", "+5V", "", "R", 22.27, 21.26, 0, 90],
		[264, "RT1_2", 680, -1367.96, "T", "SMD", "NTC1", "", "R", 22.27, 21.26, 0, 90],
		[265, "RT2_1", 675, -1112.04, "T", "SMD", "+5V", "", "R", 22.27, 21.26, 0, 90],
		[266, "RT2_2", 675, -1077.96, "T", "SMD", "NTC2", "", "R", 22.27, 21.26, 0, 90],
		[267, "SW1_1", 1033.57, -1658.38, "B", "SMD", "AGND", "", "R", 55.12, 35.43, 0, 90],
		[268, "SW1_2", 1033.57, -1390.66, "B", "SMD", "AGND", "", "R", 55.12, 35.43, 0, 90],
		[269, "SW1_3", 915.47, -1658.38, "B", "SMD", "SWA", "", "R", 55.12, 35.43, 0, 90],
		[270, "SW1_4", 915.47, -1390.66, "B", "SMD", "SWA", "", "R", 55.12, 35.43, 0, 90],
		[271, "SW2_1", 1033.57, -1133.38, "B", "SMD", "AGND", "", "R", 55.12, 35.43, 0, 90],
		[272, "SW2_2", 1033.57, -865.66, "B", "SMD", "AGND", "", "R", 55.12, 35.43, 0, 90],
		[273, "SW2_3", 915.47, -1133.38, "B", "SMD", "SWB", "", "R", 55.12, 35.43, 0, 90],
		[274, "SW2_4", 915.47, -865.66, "B", "SMD", "SWB", "", "R", 55.12, 35.43, 0, 90],
		[275, "SW3_1", 668.57, -1658.38, "B", "SMD", "AGND", "", "R", 55.12, 35.43, 0, 90],
		[276, "SW3_2", 668.57, -1390.66, "B", "SMD", "AGND", "", "R", 55.12, 35.43, 0, 90],
		[277, "SW3_3", 550.47, -1658.38, "B", "SMD", "SWC", "", "R", 55.12, 35.43, 0, 90],
		[278, "SW3_4", 550.47, -1390.66, "B", "SMD", "SWC", "", "R", 55.12, 35.43, 0, 90],
		[279, "SW4_1", 668.57, -1133.38, "B", "SMD", "AGND", "", "R", 55.12, 35.43, 0, 90],
		[280, "SW4_2", 668.57, -865.66, "B", "SMD", "AGND", "", "R", 55.12, 35.43, 0, 90],
		[281, "SW4_3", 550.47, -1133.38, "B", "SMD", "SWD", "", "R", 55.12, 35.43, 0, 90],
		[282, "SW4_4", 550.47, -865.66, "B", "SMD", "SWD", "", "R", 55.12, 35.43, 0, 90],
		[283, "SWRST1_1", 210, -1399.76, "B", "SMD", "AGND", "", "R", 95.28, 50.39, 0, 270],
		[284, "SWRST1_2", 210, -1140.24, "B", "SMD", "$1N26156", "", "R", 95.28, 50.39, 0, 270],
		[285, "T1_1", 810, -1335.78, "T", "DIP", "NTC1", "", "R", 60, 59.05, 35.43, 90],
		[286, "T1_1", 810, -1335.78, "B", "DIP", "NTC1", "", "R", 60, 59.05, 35.43, 90],
		[287, "T1_2", 810, -1434.21, "T", "DIP", "AGND", "", "C", 59.05, 59.05, 35.43, 90],
		[288, "T1_2", 810, -1434.21, "B", "DIP", "AGND", "", "C", 59.05, 59.05, 35.43, 90],
		[289, "T2_1", 810, -990.78, "T", "DIP", "NTC2", "", "R", 60, 59.05, 35.43, 90],
		[290, "T2_1", 810, -990.78, "B", "DIP", "NTC2", "", "R", 60, 59.05, 35.43, 90],
		[291, "T2_2", 810, -1089.21, "T", "DIP", "AGND", "", "C", 59.05, 59.05, 35.43, 90],
		[292, "T2_2", 810, -1089.21, "B", "DIP", "AGND", "", "C", 59.05, 59.05, 35.43, 90],
		[293, "U3_1", 449.37, -974.37, "T", "SMD", "U3_1", "", "R", 31.5, 19.68, 0, 180],
		[294, "U3_2", 449.37, -935, "T", "SMD", "VDD", "", "R", 31.5, 19.68, 0, 180],
		[295, "U3_3", 449.37, -895.63, "T", "SMD", "SCL", "", "R", 31.5, 19.68, 0, 180],
		[296, "U3_4", 370.63, -895.63, "T", "SMD", "SDA", "", "R", 31.5, 19.68, 0, 180],
		[297, "U3_5", 370.63, -935, "T", "SMD", "AGND", "", "R", 31.5, 19.68, 0, 180],
		[298, "U3_6", 370.63, -974.37, "T", "SMD", "U3_6", "", "R", 31.5, 19.68, 0, 180],
		[299, "U5_1", 129.59, -673.5, "T", "SMD", "U5_1", "", "R", 7.87, 26.18, 0, 270],
		[300, "U5_2", 129.59, -689.25, "T", "SMD", "U5_2", "", "R", 7.87, 26.18, 0, 270],
		[301, "U5_3", 129.59, -705, "T", "SMD", "AGND", "", "R", 7.87, 26.18, 0, 270],
		[302, "U5_4", 129.59, -720.75, "T", "SMD", "+5V", "", "R", 7.87, 26.18, 0, 270],
		[303, "U5_5", 129.59, -736.5, "T", "SMD", "U5_5", "", "R", 7.87, 26.18, 0, 270],
		[304, "U5_6", 153.5, -760.41, "T", "SMD", "RPM_FAN", "", "R", 26.18, 7.87, 0, 270],
		[305, "U5_7", 169.25, -760.41, "T", "SMD", "NTC1", "", "R", 26.18, 7.87, 0, 270],
		[306, "U5_8", 185, -760.41, "T", "SMD", "NTC2", "", "R", 26.18, 7.87, 0, 270],
		[307, "U5_9", 200.75, -760.41, "T", "SMD", "MC_PWM_LED", "", "R", 26.18, 7.87, 0, 270],
		[308, "U5_10", 216.5, -760.41, "T", "SMD", "PWM_FAN", "", "R", 26.18, 7.87, 0, 270],
		[309, "U5_11", 240.41, -736.5, "T", "SMD", "RX", "", "R", 7.87, 26.18, 0, 270],
		[310, "U5_12", 240.41, -720.75, "T", "SMD", "TX", "", "R", 7.87, 26.18, 0, 270],
		[311, "U5_13", 240.41, -705, "T", "SMD", "SDA", "", "R", 7.87, 26.18, 0, 270],
		[312, "U5_14", 240.41, -689.25, "T", "SMD", "SCL", "", "R", 7.87, 26.18, 0, 270],
		[313, "U5_15", 240.41, -673.5, "T", "SMD", "SWA", "", "R", 7.87, 26.18, 0, 270],
		[314, "U5_16", 216.5, -649.59, "T", "SMD", "SWB", "", "R", 26.18, 7.87, 0, 270],
		[315, "U5_17", 200.75, -649.59, "T", "SMD", "SWC", "", "R", 26.18, 7.87, 0, 270],
		[316, "U5_18", 185, -649.59, "T", "SMD", "SWD", "", "R", 26.18, 7.87, 0, 270],
		[317, "U5_19", 169.25, -649.59, "T", "SMD", "UDPI", "", "R", 26.18, 7.87, 0, 270],
		[318, "U5_20", 153.5, -649.59, "T", "SMD", "U5_20", "", "R", 26.18, 7.87, 0, 270],
		[319, "U5_21", 185, -705, "T", "SMD", "AGND", "", "R", 64.96, 64.96, 0, 270],
		[320, "U6_1", 394.45, -1412.5, "T", "SMD", "AGND", "", "R", 97.05, 41.34, 0, 270],
		[321, "U6_2", 485, -1412.5, "T", "SMD", "+5V", "", "R", 97.05, 41.34, 0, 270],
		[322, "U6_3", 575.55, -1412.5, "T", "SMD", "VCC", "", "R", 97.05, 41.34, 0, 270],
		[323, "U6_4", 485, -1187.5, "T", "SMD", "+5V", "", "R", 97.05, 139.37, 0, 270],
		[324, "UCTRL_B1_1", 785.85, -3770, "T", "SMD", "VCCF", "", "O", 23.15, 80.51, 0, 270],
		[325, "UCTRL_B1_2", 785.85, -3820, "T", "SMD", "$1N8712", "", "O", 23.15, 80.51, 0, 270],
		[326, "UCTRL_B1_3", 785.85, -3870, "T", "SMD", "AGND", "", "O", 23.15, 80.51, 0, 270],
		[327, "UCTRL_B1_4", 785.85, -3920, "T", "SMD", "$1N8790", "", "O", 23.15, 80.51, 0, 270],
		[328, "UCTRL_B1_5", 1004.15, -3920, "T", "SMD", "V-LED_B_1", "", "O", 23.15, 80.51, 0, 270],
		[329, "UCTRL_B1_6", 1004.15, -3870, "T", "SMD", "$1N8707", "", "O", 23.15, 80.51, 0, 270],
		[330, "UCTRL_B1_7", 1004.15, -3820, "T", "SMD", "$1N8797", "", "O", 23.15, 80.51, 0, 270],
		[331, "UCTRL_B1_8", 1004.15, -3770, "T", "SMD", "PWM_LED_O", "", "O", 23.15, 80.51, 0, 270],
		[332, "UCTRL_B2_1", 785.85, -100, "T", "SMD", "VCCF", "", "O", 23.15, 80.51, 0, 270],
		[333, "UCTRL_B2_2", 785.85, -150, "T", "SMD", "$1N34645", "", "O", 23.15, 80.51, 0, 270],
		[334, "UCTRL_B2_3", 785.85, -200, "T", "SMD", "AGND", "", "O", 23.15, 80.51, 0, 270],
		[335, "UCTRL_B2_4", 785.85, -250, "T", "SMD", "$1N34651", "", "O", 23.15, 80.51, 0, 270],
		[336, "UCTRL_B2_5", 1004.15, -250, "T", "SMD", "V-LED_B_2", "", "O", 23.15, 80.51, 0, 270],
		[337, "UCTRL_B2_6", 1004.15, -200, "T", "SMD", "$1N34643", "", "O", 23.15, 80.51, 0, 270],
		[338, "UCTRL_B2_7", 1004.15, -150, "T", "SMD", "$1N34652", "", "O", 23.15, 80.51, 0, 270],
		[339, "UCTRL_B2_8", 1004.15, -100, "T", "SMD", "PWM_LED_O", "", "O", 23.15, 80.51, 0, 270],
		[340, "PAD1_33", 90, -90, "T", "DIP", "AGND", "", "R", 160, 160, 120, 0],
		[341, "PAD1_33", 90, -90, "B", "DIP", "AGND", "", "R", 160, 160, 120, 0],
		[342, "PAD2_33", 90, -3910, "T", "DIP", "AGND", "", "R", 160, 160, 120, 0],
		[343, "PAD2_33", 90, -3910, "B", "DIP", "AGND", "", "R", 160, 160, 120, 0],
		[344, "PAD3_33", 3910, -3910, "T", "DIP", "AGND", "", "R", 160, 160, 120, 0],
		[345, "PAD3_33", 3910, -3910, "B", "DIP", "AGND", "", "R", 160, 160, 120, 0],
		[346, "PAD4_33", 3910, -90, "T", "DIP", "AGND", "", "R", 160, 160, 120, 0],
		[347, "PAD4_33", 3910, -90, "B", "DIP", "AGND", "", "R", 160, 160, 120, 0]
	]
}
}